month,company,taxi_fleet
2005-01,Comfort,9952
2005-01,CityCab,4965
2005-01,SMRT,2441
2005-01,YTC,1223
2005-01,Individual Yellow- Top,696
2005-01,Smart,320
2005-01,TransCab,560
2005-01,Premier,370
2005-02,Comfort,10046
2005-02,CityCab,4968
2005-02,SMRT,2628
2005-02,YTC,1199
2005-02,Individual Yellow- Top,695
2005-02,Smart,330
2005-02,TransCab,610
2005-02,Premier,375
2005-03,Comfort,10083
2005-03,CityCab,4919
2005-03,SMRT,3004
2005-03,YTC,1166
2005-03,Individual Yellow- Top,692
2005-03,Smart,370
2005-03,TransCab,710
2005-03,Premier,396
2005-04,Comfort,10133
2005-04,CityCab,4814
2005-04,SMRT,3003
2005-04,YTC,1141
2005-04,Individual Yellow- Top,684
2005-04,Smart,405
2005-04,TransCab,810
2005-04,Premier,410
2005-05,Comfort,10145
2005-05,CityCab,4849
2005-05,SMRT,3004
2005-05,YTC,1106
2005-05,Individual Yellow- Top,678
2005-05,Smart,440
2005-05,TransCab,910
2005-05,Premier,420
2005-06,Comfort,10182
2005-06,CityCab,4853
2005-06,SMRT,3038
2005-06,YTC,1090
2005-06,Individual Yellow- Top,678
2005-06,Smart,460
2005-06,TransCab,1060
2005-06,Premier,520
2005-07,Comfort,10172
2005-07,CityCab,4865
2005-07,SMRT,3060
2005-07,YTC,999
2005-07,Individual Yellow- Top,662
2005-07,Smart,500
2005-07,TransCab,1171
2005-07,Premier,595
2005-08,Comfort,10195
2005-08,CityCab,4884
2005-08,SMRT,3028
2005-08,YTC,935
2005-08,Individual Yellow- Top,653
2005-08,Smart,506
2005-08,TransCab,1240
2005-08,Premier,700
2005-09,Comfort,10226
2005-09,CityCab,4883
2005-09,SMRT,3005
2005-09,YTC,905
2005-09,Individual Yellow- Top,659
2005-09,Smart,505
2005-09,TransCab,1314
2005-09,Premier,770
2005-10,Comfort,10057
2005-10,CityCab,4730
2005-10,SMRT,3017
2005-10,YTC,831
2005-10,Individual Yellow- Top,656
2005-10,Smart,505
2005-10,TransCab,1393
2005-10,Premier,870
2005-11,Comfort,9974
2005-11,CityCab,4736
2005-11,SMRT,3017
2005-11,YTC,809
2005-11,Individual Yellow- Top,654
2005-11,Smart,505
2005-11,TransCab,1451
2005-11,Premier,960
2005-12,Comfort,10146
2005-12,CityCab,4723
2005-12,SMRT,2858
2005-12,YTC,984
2005-12,Individual Yellow- Top,648
2005-12,Smart,605
2005-12,TransCab,1480
2005-12,Premier,1029
2006-01,Comfort,10171
2006-01,CityCab,4730
2006-01,SMRT,2813
2006-01,YTC,883
2006-01,Individual Yellow- Top,647
2006-01,Smart,613
2006-01,TransCab,1515
2006-01,Premier,1090
2006-02,Comfort,10164
2006-02,CityCab,4729
2006-02,SMRT,2729
2006-02,YTC,876
2006-02,Individual Yellow- Top,644
2006-02,Smart,623
2006-02,TransCab,1515
2006-02,Premier,1115
2006-03,Comfort,10053
2006-03,CityCab,4713
2006-03,SMRT,2658
2006-03,YTC,846
2006-03,Individual Yellow- Top,641
2006-03,Smart,655
2006-03,TransCab,1585
2006-03,Premier,1154
2006-04,Comfort,10095
2006-04,CityCab,4301
2006-04,SMRT,2659
2006-04,YTC,783
2006-04,Individual Yellow- Top,634
2006-04,Smart,655
2006-04,TransCab,1621
2006-04,Premier,1225
2006-05,Comfort,10160
2006-05,CityCab,4301
2006-05,SMRT,2677
2006-05,YTC,767
2006-05,Individual Yellow- Top,627
2006-05,Smart,655
2006-05,TransCab,1642
2006-05,Premier,1295
2006-06,Comfort,10195
2006-06,CityCab,4300
2006-06,SMRT,2684
2006-06,YTC,795
2006-06,Individual Yellow- Top,612
2006-06,Smart,655
2006-06,TransCab,1660
2006-06,Premier,1325
2006-07,Comfort,10173
2006-07,CityCab,4294
2006-07,SMRT,2700
2006-07,YTC,819
2006-07,Individual Yellow- Top,603
2006-07,Smart,655
2006-07,TransCab,1673
2006-07,Premier,1350
2006-08,Comfort,10212
2006-08,CityCab,4294
2006-08,SMRT,2755
2006-08,YTC,818
2006-08,Individual Yellow- Top,576
2006-08,Smart,685
2006-08,TransCab,1806
2006-08,Premier,1515
2006-09,Comfort,10304
2006-09,CityCab,4294
2006-09,SMRT,3019
2006-09,YTC,815
2006-09,Individual Yellow- Top,591
2006-09,Smart,755
2006-09,TransCab,2040
2006-09,Premier,1728
2006-10,Comfort,10279
2006-10,CityCab,4292
2006-10,SMRT,3018
2006-10,YTC,810
2006-10,Individual Yellow- Top,589
2006-10,Smart,755
2006-10,TransCab,2040
2006-10,Premier,1752
2006-11,Comfort,10156
2006-11,CityCab,4251
2006-11,SMRT,3018
2006-11,YTC,795
2006-11,Individual Yellow- Top,586
2006-11,Smart,755
2006-11,TransCab,2040
2006-11,Premier,1781
2006-12,Comfort,10126
2006-12,CityCab,4237
2006-12,SMRT,3017
2006-12,YTC,791
2006-12,Individual Yellow- Top,585
2006-12,Smart,755
2006-12,TransCab,2040
2006-12,Premier,1783
2007-01,Comfort,10149
2007-01,CityCab,4234
2007-01,SMRT,3008
2007-01,YTC,784
2007-01,Individual Yellow- Top,578
2007-01,Smart,755
2007-01,TransCab,2040
2007-01,Premier,1799
2007-01,Prime,0
2007-02,Comfort,10155
2007-02,CityCab,4232
2007-02,SMRT,2994
2007-02,YTC,775
2007-02,Individual Yellow- Top,574
2007-02,Smart,755
2007-02,TransCab,2040
2007-02,Premier,1797
2007-02,Prime,0
2007-03,Comfort,10196
2007-03,CityCab,4175
2007-03,SMRT,2992
2007-03,YTC,759
2007-03,Individual Yellow- Top,561
2007-03,Smart,755
2007-03,TransCab,2040
2007-03,Premier,1837
2007-03,Prime,0
2007-04,Comfort,10293
2007-04,CityCab,4170
2007-04,SMRT,2991
2007-04,YTC,729
2007-04,Individual Yellow- Top,552
2007-04,Smart,755
2007-04,TransCab,2040
2007-04,Premier,1874
2007-04,Prime,0
2007-05,Comfort,10274
2007-05,CityCab,4117
2007-05,SMRT,3016
2007-05,YTC,587
2007-05,Individual Yellow- Top,542
2007-05,Smart,755
2007-05,TransCab,2039
2007-05,Premier,1923
2007-05,Prime,0
2007-06,Comfort,10343
2007-06,CityCab,4102
2007-06,SMRT,3014
2007-06,YTC,587
2007-06,Individual Yellow- Top,532
2007-06,Smart,756
2007-06,TransCab,2039
2007-06,Premier,1975
2007-06,Prime,0
2007-07,Comfort,10417
2007-07,CityCab,4101
2007-07,SMRT,3008
2007-07,YTC,579
2007-07,Individual Yellow- Top,523
2007-07,Smart,756
2007-07,TransCab,2039
2007-07,Premier,2026
2007-07,Prime,0
2007-08,Comfort,10525
2007-08,CityCab,4094
2007-08,SMRT,3008
2007-08,YTC,573
2007-08,Individual Yellow- Top,523
2007-08,Smart,757
2007-08,TransCab,2069
2007-08,Premier,2090
2007-08,Prime,0
2007-09,Comfort,10631
2007-09,CityCab,4106
2007-09,SMRT,3007
2007-09,YTC,509
2007-09,Individual Yellow- Top,523
2007-09,Smart,759
2007-09,TransCab,2099
2007-09,Premier,2207
2007-09,Prime,19
2007-10,Comfort,11186
2007-10,CityCab,3965
2007-10,SMRT,3003
2007-10,YTC,0
2007-10,Individual Yellow- Top,509
2007-10,Smart,759
2007-10,TransCab,2099
2007-10,Premier,2265
2007-10,Prime,33
2007-11,Comfort,11250
2007-11,CityCab,3962
2007-11,SMRT,3002
2007-11,YTC,0
2007-11,Individual Yellow- Top,504
2007-11,Smart,761
2007-11,TransCab,2119
2007-11,Premier,2309
2007-11,Prime,56
2007-12,Comfort,11594
2007-12,CityCab,3977
2007-12,SMRT,3002
2007-12,YTC,0
2007-12,Individual Yellow- Top,505
2007-12,Smart,761
2007-12,TransCab,2139
2007-12,Premier,2376
2007-12,Prime,92
2008-01,Comfort,11155
2008-01,CityCab,3936
2008-01,SMRT,3002
2008-01,Individual Yellow- Top,500
2008-01,Smart,765
2008-01,TransCab,2139
2008-01,Premier,2421
2008-01,Prime,136
2008-02,Comfort,11081
2008-02,CityCab,3926
2008-02,SMRT,3002
2008-02,Individual Yellow- Top,500
2008-02,Smart,770
2008-02,TransCab,2139
2008-02,Premier,2435
2008-02,Prime,151
2008-03,Comfort,11085
2008-03,CityCab,3925
2008-03,SMRT,3002
2008-03,Individual Yellow- Top,489
2008-03,Smart,784
2008-03,TransCab,2139
2008-03,Premier,2435
2008-03,Prime,168
2008-04,Comfort,11147
2008-04,CityCab,3835
2008-04,SMRT,3004
2008-04,Individual Yellow- Top,482
2008-04,Smart,781
2008-04,TransCab,2139
2008-04,Premier,2436
2008-04,Prime,198
2008-05,Comfort,11208
2008-05,CityCab,3833
2008-05,SMRT,3000
2008-05,Individual Yellow- Top,479
2008-05,Smart,776
2008-05,TransCab,2139
2008-05,Premier,2436
2008-05,Prime,225
2008-06,Comfort,11274
2008-06,CityCab,3845
2008-06,SMRT,2965
2008-06,Individual Yellow- Top,472
2008-06,Smart,771
2008-06,TransCab,2189
2008-06,Premier,2313
2008-06,Prime,277
2008-07,Comfort,11336
2008-07,CityCab,3861
2008-07,SMRT,2977
2008-07,Individual Yellow- Top,471
2008-07,Smart,777
2008-07,TransCab,2239
2008-07,Premier,2323
2008-07,Prime,316
2008-08,Comfort,11430
2008-08,CityCab,3858
2008-08,SMRT,2978
2008-08,Individual Yellow- Top,453
2008-08,Smart,760
2008-08,TransCab,2289
2008-08,Premier,2326
2008-08,Prime,339
2008-09,Comfort,11347
2008-09,CityCab,3842
2008-09,SMRT,2988
2008-09,Individual Yellow- Top,453
2008-09,Smart,760
2008-09,TransCab,2319
2008-09,Premier,2341
2008-09,Prime,355
2008-10,Comfort,11305
2008-10,CityCab,3839
2008-10,SMRT,2986
2008-10,Individual Yellow- Top,451
2008-10,Smart,750
2008-10,TransCab,2345
2008-10,Premier,2288
2008-10,Prime,380
2008-11,Comfort,11369
2008-11,CityCab,3836
2008-11,SMRT,2950
2008-11,Individual Yellow- Top,442
2008-11,Smart,739
2008-11,TransCab,2354
2008-11,Premier,2220
2008-11,Prime,391
2008-12,Comfort,11390
2008-12,CityCab,3849
2008-12,SMRT,2934
2008-12,Individual Yellow- Top,434
2008-12,Smart,734
2008-12,TransCab,2391
2008-12,Premier,2162
2008-12,Prime,406
2009-01,Comfort,11372
2009-01,CityCab,3840
2009-01,SMRT,2924
2009-01,Individual Yellow- Top,433
2009-01,Smart,728
2009-01,TransCab,2417
2009-01,Premier,2150
2009-01,Prime,415
2009-02,Comfort,11379
2009-02,CityCab,3837
2009-02,SMRT,2864
2009-02,Individual Yellow- Top,436
2009-02,Smart,728
2009-02,TransCab,2465
2009-02,Premier,2147
2009-02,Prime,432
2009-03,Comfort,11356
2009-03,CityCab,3830
2009-03,SMRT,2591
2009-03,Individual Yellow- Top,430
2009-03,Smart,728
2009-03,TransCab,2534
2009-03,Premier,2138
2009-03,Prime,450
2009-04,Comfort,11367
2009-04,CityCab,3825
2009-04,SMRT,2608
2009-04,Individual Yellow- Top,425
2009-04,Smart,728
2009-04,TransCab,2604
2009-04,Premier,2133
2009-04,Prime,477
2009-05,Comfort,11373
2009-05,CityCab,3829
2009-05,SMRT,2609
2009-05,Individual Yellow- Top,423
2009-05,Smart,728
2009-05,TransCab,2704
2009-05,Premier,2132
2009-05,Prime,500
2009-06,Comfort,11349
2009-06,CityCab,3830
2009-06,SMRT,2605
2009-06,Individual Yellow- Top,419
2009-06,Smart,728
2009-06,TransCab,2809
2009-06,Premier,2132
2009-06,Prime,529
2009-07,Comfort,11324
2009-07,CityCab,3814
2009-07,SMRT,2583
2009-07,Individual Yellow- Top,417
2009-07,Smart,725
2009-07,TransCab,2906
2009-07,Premier,2131
2009-07,Prime,540
2009-08,Comfort,11254
2009-08,CityCab,3813
2009-08,SMRT,2584
2009-08,Individual Yellow- Top,406
2009-08,Smart,725
2009-08,TransCab,2999
2009-08,Premier,2111
2009-08,Prime,545
2009-09,Comfort,11359
2009-09,CityCab,3803
2009-09,SMRT,2579
2009-09,Individual Yellow- Top,405
2009-09,Smart,725
2009-09,TransCab,3139
2009-09,Premier,2096
2009-09,Prime,557
2009-10,Comfort,11443
2009-10,CityCab,3854
2009-10,SMRT,2585
2009-10,Individual Yellow- Top,407
2009-10,Smart,725
2009-10,TransCab,3139
2009-10,Premier,2086
2009-10,Prime,558
2009-11,Comfort,11404
2009-11,CityCab,3823
2009-11,SMRT,2579
2009-11,Individual Yellow- Top,406
2009-11,Smart,724
2009-11,TransCab,3139
2009-11,Premier,2056
2009-11,Prime,562
2009-12,Comfort,11479
2009-12,CityCab,3757
2009-12,SMRT,2582
2009-12,Individual Yellow- Top,406
2009-12,Smart,724
2009-12,TransCab,3159
2009-12,Premier,2033
2009-12,Prime,562
2010-01,Comfort,11539
2010-01,CityCab,3807
2010-01,TransCab,3190
2010-01,SMRT,2586
2010-01,Individual Yellow- Top,405
2010-01,Smart,724
2010-01,Premier,2032
2010-01,Prime,562
2010-02,Comfort,11482
2010-02,CityCab,3812
2010-02,TransCab,3241
2010-02,SMRT,2575
2010-02,Individual Yellow- Top,402
2010-02,Smart,724
2010-02,Premier,2032
2010-02,Prime,578
2010-03,Comfort,11567
2010-03,CityCab,3856
2010-03,TransCab,3296
2010-03,SMRT,2566
2010-03,Individual Yellow- Top,402
2010-03,Smart,724
2010-03,Premier,2031
2010-03,Prime,582
2010-04,Comfort,11645
2010-04,CityCab,3890
2010-04,TransCab,3361
2010-04,SMRT,2565
2010-04,Individual Yellow- Top,399
2010-04,Smart,724
2010-04,Premier,2019
2010-04,Prime,582
2010-05,Comfort,11556
2010-05,CityCab,3883
2010-05,TransCab,3416
2010-05,SMRT,2596
2010-05,Individual Yellow- Top,396
2010-05,Smart,724
2010-05,Premier,2016
2010-05,Prime,589
2010-06,Comfort,11642
2010-06,CityCab,3892
2010-06,TransCab,3481
2010-06,SMRT,2607
2010-06,Individual Yellow- Top,393
2010-06,Smart,724
2010-06,Premier,2016
2010-06,Prime,606
2010-07,Comfort,11548
2010-07,CityCab,3962
2010-07,TransCab,3546
2010-07,SMRT,2611
2010-07,Individual Yellow- Top,390
2010-07,Smart,724
2010-07,Premier,2014
2010-07,Prime,614
2010-08,Comfort,11584
2010-08,CityCab,3986
2010-08,TransCab,3618
2010-08,SMRT,2603
2010-08,Individual Yellow- Top,388
2010-08,Smart,724
2010-08,Premier,2014
2010-08,Prime,620
2010-09,Comfort,11569
2010-09,CityCab,3986
2010-09,TransCab,3720
2010-09,SMRT,2598
2010-09,Individual Yellow- Top,387
2010-09,Smart,724
2010-09,Premier,2011
2010-09,Prime,629
2010-10,Comfort,11558
2010-10,CityCab,3984
2010-10,TransCab,3788
2010-10,SMRT,2591
2010-10,Individual Yellow- Top,389
2010-10,Smart,724
2010-10,Premier,2009
2010-10,Prime,634
2010-11,Comfort,11677
2010-11,CityCab,3977
2010-11,TransCab,3867
2010-11,SMRT,2588
2010-11,Individual Yellow- Top,388
2010-11,Smart,724
2010-11,Premier,2008
2010-11,Prime,654
2010-12,Comfort,11705
2010-12,CityCab,4072
2010-12,TransCab,3896
2010-12,SMRT,2619
2010-12,Individual Yellow- Top,383
2010-12,Smart,724
2010-12,Premier,2008
2010-12,Prime,666
2011-01,Comfort,11968
2011-01,CityCab,4063
2011-01,TransCab,3956
2011-01,SMRT,2617
2011-01,Individual Yellow- Top,378
2011-01,Smart,724
2011-01,Premier,2007
2011-01,Prime,673
2011-02,Comfort,11710
2011-02,CityCab,4097
2011-02,TransCab,3986
2011-02,SMRT,2614
2011-02,Individual Yellow- Top,375
2011-02,Smart,723
2011-02,Premier,2007
2011-02,Prime,683
2011-03,Comfort,11626
2011-03,CityCab,3971
2011-03,TransCab,4043
2011-03,SMRT,2669
2011-03,Individual Yellow- Top,375
2011-03,Smart,723
2011-03,Premier,2006
2011-03,Prime,698
2011-04,Comfort,11825
2011-04,CityCab,4011
2011-04,TransCab,4099
2011-04,SMRT,2794
2011-04,Individual Yellow- Top,374
2011-04,Smart,723
2011-04,Premier,2005
2011-04,Prime,704
2011-05,Comfort,11836
2011-05,CityCab,3966
2011-05,TransCab,4219
2011-05,SMRT,2912
2011-05,Individual Yellow- Top,371
2011-05,Smart,723
2011-05,Premier,2004
2011-05,Prime,709
2011-06,Comfort,11795
2011-06,CityCab,4029
2011-06,TransCab,4129
2011-06,SMRT,2990
2011-06,Individual Yellow- Top,370
2011-06,Smart,723
2011-06,Premier,2004
2011-06,Prime,718
2011-07,Comfort,11657
2011-07,CityCab,4119
2011-07,TransCab,4129
2011-07,SMRT,3031
2011-07,Individual Yellow- Top,368
2011-07,Smart,723
2011-07,Premier,2014
2011-07,Prime,719
2011-08,Comfort,11639
2011-08,CityCab,4055
2011-08,TransCab,4130
2011-08,SMRT,3074
2011-08,Individual Yellow- Top,368
2011-08,Smart,719
2011-08,Premier,2044
2011-08,Prime,727
2011-09,Comfort,11627
2011-09,CityCab,4045
2011-09,TransCab,4130
2011-09,SMRT,3064
2011-09,Individual Yellow- Top,367
2011-09,Smart,714
2011-09,Premier,2039
2011-09,Prime,727
2011-10,Comfort,11610
2011-10,CityCab,4043
2011-10,TransCab,4230
2011-10,SMRT,3150
2011-10,Individual Yellow- Top,362
2011-10,Smart,713
2011-10,Premier,2131
2011-10,Prime,731
2011-11,Comfort,11598
2011-11,CityCab,4037
2011-11,TransCab,4271
2011-11,SMRT,3143
2011-11,Individual Yellow- Top,362
2011-11,Smart,710
2011-11,Premier,2164
2011-11,Prime,733
2011-12,Comfort,11587
2011-12,CityCab,4035
2011-12,TransCab,4311
2011-12,SMRT,3133
2011-12,Individual Yellow- Top,360
2011-12,Smart,709
2011-12,Premier,2181
2011-12,Prime,735
2012-01,Comfort,11555
2012-01,CityCab,4033
2012-01,TransCab,4338
2012-01,SMRT,3128
2012-01,Individual Yellow- Top,357
2012-01,Smart,701
2012-01,Premier,2209
2012-01,Prime,738
2012-02,Comfort,11602
2012-02,CityCab,4055
2012-02,TransCab,4370
2012-02,SMRT,3105
2012-02,Individual Yellow- Top,355
2012-02,Smart,683
2012-02,Premier,2250
2012-02,Prime,743
2012-03,Comfort,11704
2012-03,CityCab,4057
2012-03,TransCab,4458
2012-03,SMRT,3074
2012-03,Individual Yellow- Top,353
2012-03,Smart,614
2012-03,Premier,2258
2012-03,Prime,748
2012-04,Comfort,11877
2012-04,CityCab,4105
2012-04,TransCab,4498
2012-04,SMRT,3168
2012-04,Individual Yellow- Top,352
2012-04,Smart,612
2012-04,Premier,2258
2012-04,Prime,748
2012-05,Comfort,11946
2012-05,CityCab,4084
2012-05,TransCab,4523
2012-05,SMRT,3246
2012-05,Individual Yellow- Top,348
2012-05,Smart,579
2012-05,Premier,2254
2012-05,Prime,753
2012-06,Comfort,11966
2012-06,CityCab,4082
2012-06,TransCab,4564
2012-06,SMRT,3321
2012-06,Individual Yellow- Top,348
2012-06,Smart,561
2012-06,Premier,2246
2012-06,Prime,761
2012-07,Comfort,12058
2012-07,CityCab,4129
2012-07,TransCab,4621
2012-07,SMRT,3417
2012-07,Individual Yellow- Top,343
2012-07,Smart,527
2012-07,Premier,2238
2012-07,Prime,768
2012-08,Comfort,12059
2012-08,CityCab,4128
2012-08,TransCab,4646
2012-08,SMRT,3484
2012-08,Individual Yellow- Top,341
2012-08,Smart,517
2012-08,Premier,2232
2012-08,Prime,769
2012-09,Comfort,12116
2012-09,CityCab,4177
2012-09,TransCab,4660
2012-09,SMRT,3559
2012-09,Individual Yellow- Top,340
2012-09,Smart,497
2012-09,Premier,2233
2012-09,Prime,782
2012-10,Comfort,12070
2012-10,CityCab,4174
2012-10,TransCab,4660
2012-10,SMRT,3500
2012-10,Individual Yellow- Top,337
2012-10,Smart,479
2012-10,Premier,2226
2012-10,Prime,797
2012-11,Comfort,12067
2012-11,CityCab,4169
2012-11,TransCab,4660
2012-11,SMRT,3493
2012-11,Individual Yellow- Top,333
2012-11,Smart,443
2012-11,Premier,2219
2012-11,Prime,803
2012-12,Comfort,12130
2012-12,CityCab,4169
2012-12,TransCab,4638
2012-12,SMRT,3494
2012-12,Individual Yellow- Top,329
2012-12,Smart,432
2012-12,Premier,2214
2012-12,Prime,804
2013-01,Comfort,12172
2013-01,CityCab,4226
2013-01,TransCab,4642
2013-01,SMRT,3446
2013-01,Individual Yellow- Top,324
2013-01,Smart,417
2013-01,Premier,2266
2013-01,Prime,804
2013-02,Comfort,12232
2013-02,CityCab,4217
2013-02,TransCab,4610
2013-02,SMRT,3395
2013-02,Individual Yellow- Top,322
2013-02,Smart,404
2013-02,Premier,2261
2013-02,Prime,804
2013-03,Comfort,12220
2013-03,CityCab,4213
2013-03,TransCab,4552
2013-03,SMRT,3331
2013-03,Individual Yellow- Top,319
2013-03,Smart,385
2013-03,Premier,2251
2013-03,Prime,804
2013-04,Comfort,12197
2013-04,CityCab,4204
2013-04,TransCab,4510
2013-04,SMRT,3296
2013-04,Individual Yellow- Top,314
2013-04,Smart,344
2013-04,Premier,2240
2013-04,Prime,806
2013-05,Comfort,12175
2013-05,CityCab,4189
2013-05,TransCab,4484
2013-05,SMRT,3257
2013-05,Individual Yellow- Top,307
2013-05,Smart,315
2013-05,Premier,2184
2013-05,Prime,808
2013-06,Comfort,12315
2013-06,CityCab,4201
2013-06,TransCab,4334
2013-06,SMRT,3300
2013-06,Individual Yellow- Top,300
2013-06,Smart,268
2013-06,Premier,2197
2013-06,Prime,886
2013-07,Comfort,12408
2013-07,CityCab,4212
2013-07,TransCab,4334
2013-07,SMRT,3242
2013-07,Individual Yellow- Top,291
2013-07,Smart,197
2013-07,Premier,2132
2013-07,Prime,881
2013-08,Comfort,12421
2013-08,CityCab,4223
2013-08,TransCab,4375
2013-08,SMRT,3215
2013-08,Individual Yellow- Top,283
2013-08,Smart,0
2013-08,Premier,2064
2013-08,Prime,890
2013-09,Comfort,12449
2013-09,CityCab,4249
2013-09,TransCab,4373
2013-09,SMRT,3208
2013-09,Individual Yellow- Top,274
2013-09,Smart,0
2013-09,Premier,2031
2013-09,Prime,891
2013-10,Comfort,12447
2013-10,CityCab,4268
2013-10,TransCab,4339
2013-10,SMRT,3249
2013-10,Individual Yellow- Top,274
2013-10,Smart,0
2013-10,Premier,2048
2013-10,Prime,891
2013-11,Comfort,12361
2013-11,CityCab,4249
2013-11,TransCab,4280
2013-11,SMRT,3365
2013-11,Individual Yellow- Top,270
2013-11,Smart,0
2013-11,Premier,2075
2013-11,Prime,892
2013-12,Comfort,12356
2013-12,CityCab,4246
2013-12,TransCab,4403
2013-12,SMRT,3454
2013-12,Individual Yellow- Top,267
2013-12,Smart,0
2013-12,Premier,2065
2013-12,Prime,904
2014-01,Comfort,12377
2014-01,CityCab,4251
2014-01,TransCab,4447
2014-01,SMRT,3470
2014-01,Premier,2070
2014-01,Prime,902
2014-01,Individual Yellow- Top,262
2014-02,Comfort,12380
2014-02,CityCab,4226
2014-02,TransCab,4469
2014-02,SMRT,3341
2014-02,Premier,2079
2014-02,Prime,905
2014-02,Individual Yellow- Top,258
2014-03,Comfort,12476
2014-03,CityCab,4261
2014-03,TransCab,4512
2014-03,SMRT,3207
2014-03,Premier,2086
2014-03,Prime,905
2014-03,Individual Yellow- Top,253
2014-04,Comfort,12525
2014-04,CityCab,4256
2014-04,TransCab,4541
2014-04,SMRT,3223
2014-04,Premier,2058
2014-04,Prime,906
2014-04,Individual Yellow- Top,245
2014-05,Comfort,12498
2014-05,CityCab,4241
2014-05,TransCab,4548
2014-05,SMRT,3243
2014-05,Premier,2037
2014-05,Prime,904
2014-05,Individual Yellow- Top,238
2014-06,Comfort,12514
2014-06,CityCab,4236
2014-06,TransCab,4686
2014-06,SMRT,3227
2014-06,Premier,2068
2014-06,Prime,902
2014-06,Individual Yellow- Top,232
2014-07,Comfort,12526
2014-07,CityCab,4236
2014-07,TransCab,4704
2014-07,SMRT,3314
2014-07,Premier,2067
2014-07,Prime,877
2014-07,Individual Yellow- Top,213
2014-08,Comfort,12557
2014-08,CityCab,4230
2014-08,TransCab,4650
2014-08,SMRT,3369
2014-08,Premier,2081
2014-08,Prime,892
2014-08,Individual Yellow- Top,191
2014-09,Comfort,12557
2014-09,CityCab,4264
2014-09,TransCab,4623
2014-09,SMRT,3587
2014-09,Premier,2017
2014-09,Prime,879
2014-09,Individual Yellow- Top,172
2014-10,Comfort,12571
2014-10,CityCab,4298
2014-10,TransCab,4685
2014-10,SMRT,3615
2014-10,Premier,2078
2014-10,Prime,907
2014-10,Individual Yellow- Top,175
2014-11,Comfort,12552
2014-11,CityCab,4309
2014-11,TransCab,4821
2014-11,SMRT,3643
2014-11,Premier,2110
2014-11,Prime,901
2014-11,Individual Yellow- Top,176
2014-12,Comfort,12608
2014-12,CityCab,4325
2014-12,TransCab,4859
2014-12,SMRT,3722
2014-12,Premier,2148
2014-12,Prime,896
2014-12,Individual Yellow- Top,178
2015-01,Comfort,12552
2015-01,CityCab,4321
2015-01,TransCab,4810
2015-01,SMRT,3575
2015-01,Premier,2192
2015-01,Prime,885
2015-01,Individual Yellow- Top,180
2015-02,Comfort,12546
2015-02,CityCab,4324
2015-02,TransCab,4810
2015-02,SMRT,3569
2015-02,Premier,2222
2015-02,Prime,883
2015-02,Individual Yellow- Top,183
2015-03,Comfort,12494
2015-03,CityCab,4337
2015-03,TransCab,4919
2015-03,SMRT,3593
2015-03,Premier,2259
2015-03,Prime,887
2015-03,Individual Yellow- Top,179
2015-04,Comfort,12482
2015-04,CityCab,4343
2015-04,TransCab,4919
2015-04,SMRT,3566
2015-04,Premier,2230
2015-04,Prime,887
2015-04,Individual Yellow- Top,179
2015-05,Comfort,12698
2015-05,CityCab,4377
2015-05,TransCab,4899
2015-05,SMRT,3559
2015-05,Premier,2187
2015-05,Prime,895
2015-05,Individual Yellow- Top,177
2015-06,Comfort,12682
2015-06,CityCab,4353
2015-06,TransCab,4940
2015-06,SMRT,3552
2015-06,Premier,2101
2015-06,Prime,883
2015-06,Individual Yellow- Top,175
2015-07,Comfort,12668
2015-07,CityCab,4344
2015-07,TransCab,4947
2015-07,SMRT,3550
2015-07,Premier,2017
2015-07,Prime,856
2015-07,Individual Yellow- Top,175
2015-08,Comfort,12687
2015-08,CityCab,4352
2015-08,TransCab,4974
2015-08,SMRT,3544
2015-08,Premier,1988
2015-08,Prime,859
2015-08,Individual Yellow- Top,168
2015-09,Comfort,12673
2015-09,CityCab,4353
2015-09,TransCab,4974
2015-09,SMRT,3525
2015-09,Premier,1988
2015-09,Prime,857
2015-09,Individual Yellow- Top,165
2015-10,Comfort,12691
2015-10,CityCab,4360
2015-10,TransCab,4971
2015-10,SMRT,3583
2015-10,Premier,1935
2015-10,Prime,858
2015-10,Individual Yellow- Top,160
2015-11,Comfort,12617
2015-11,CityCab,4359
2015-11,TransCab,4910
2015-11,SMRT,3579
2015-11,Premier,1938
2015-11,Prime,841
2015-11,Individual Yellow- Top,158
2015-12,Comfort,12641
2015-12,CityCab,4356
2015-12,TransCab,4842
2015-12,SMRT,3502
2015-12,Premier,1933
2015-12,Prime,828
2015-12,Individual Yellow- Top,157
2016-01,Comfort,12625
2016-01,CityCab,4351
2016-01,TransCab,4842
2016-01,SMRT,3507
2016-01,Premier,1984
2016-01,Prime,795
2016-01,Individual Yellow- Top,154
2016-02,Comfort,12567
2016-02,CityCab,4329
2016-02,TransCab,4847
2016-02,SMRT,3529
2016-02,Premier,2001
2016-02,Prime,789
2016-02,Individual Yellow- Top,150
2016-03,Comfort,12676
2016-03,CityCab,4348
2016-03,TransCab,4839
2016-03,SMRT,3509
2016-03,Premier,1986
2016-03,Prime,780
2016-03,Individual Yellow- Top,148
2016-04,Comfort,12775
2016-04,CityCab,4368
2016-04,TransCab,4706
2016-04,SMRT,3522
2016-04,Premier,1962
2016-04,Prime,800
2016-04,Individual Yellow- Top,147
2016-05,Comfort,12745
2016-05,CityCab,4372
2016-05,TransCab,4685
2016-05,SMRT,3555
2016-05,Premier,1937
2016-05,Prime,773
2016-05,Individual Yellow- Top,144
2016-06,Comfort,12738
2016-06,CityCab,4343
2016-06,TransCab,4718
2016-06,SMRT,3577
2016-06,Premier,1917
2016-06,Prime,759
2016-06,Individual Yellow- Top,141
2016-07,Comfort,12707
2016-07,CityCab,4337
2016-07,TransCab,4698
2016-07,SMRT,3512
2016-07,Premier,1905
2016-07,Prime,759
2016-07,Individual Yellow- Top,136
2016-08,Comfort,12655
2016-08,CityCab,4323
2016-08,TransCab,4674
2016-08,SMRT,3438
2016-08,Premier,1916
2016-08,Prime,754
2016-08,Individual Yellow- Top,130
2016-09,Comfort,12591
2016-09,CityCab,4281
2016-09,TransCab,4593
2016-09,SMRT,3434
2016-09,Premier,1938
2016-09,Prime,743
2016-09,Individual Yellow- Top,128
2016-10,Comfort,12470
2016-10,CityCab,4252
2016-10,TransCab,4585
2016-10,SMRT,3404
2016-10,Premier,1953
2016-10,Prime,742
2016-10,Individual Yellow- Top,128
2016-11,Comfort,12502
2016-11,CityCab,4253
2016-11,TransCab,4570
2016-11,SMRT,3392
2016-11,Premier,1914
2016-11,Prime,738
2016-11,Individual Yellow- Top,126
2016-12,Comfort,12558
2016-12,CityCab,4263
2016-12,TransCab,4566
2016-12,SMRT,3407
2016-12,Premier,1889
2016-12,Prime,731
2016-12,Individual Yellow- Top,120
2017-01,Comfort,12317
2017-01,CityCab,4178
2017-01,TransCab,4556
2017-01,SMRT,3410
2017-01,Premier,1907
2017-01,Prime,720
2017-01,Individual Yellow- Top,114
2017-02,Comfort,12518
2017-02,CityCab,4144
2017-02,TransCab,4550
2017-02,SMRT,3396
2017-02,Premier,1926
2017-02,Prime,704
2017-02,Individual Yellow- Top,108
2017-03,Comfort,11948
2017-03,CityCab,4099
2017-03,TransCab,4549
2017-03,SMRT,3396
2017-03,Premier,1923
2017-03,Prime,713
2017-03,Individual Yellow- Top,106
